{"cameraMode":{"drawMode":0,"name":"Shaded","section":"Shading Mode"},"sceneLighting":false,"audioPlay":false,"sceneViewState":{"showFog":true,"showMaterialUpdate":false,"showSkybox":false,"showFlares":true,"showImageEffects":true,"showParticleSystems":true},"in2DMode":false,"pivot":{"x":8.593180656433106,"y":0.7864567041397095,"z":1.396278738975525},"rotation":{"x":-0.04355413466691971,"y":-0.956157922744751,"z":0.19214029610157014,"w":-0.21672214567661286},"size":2.395094394683838,"orthographic":false}